customer_id,name,email,country,customer_type,registration_date,age,gender,total_purchases
1,Customer 1,customer1@example.com,Australia,Regular,5/15/2011,21,Male,191
2,Customer 2,customer2@example.com,France,Premium,11/27/2018,52,Other,145
3,Customer 3,customer3@example.com,Canada,Premium,10/1/2015,32,Other,691
4,Customer 4,customer4@example.com,USA,Premium,1/19/2011,70,Other,644
5,Customer 5,customer5@example.com,Germany,Regular,8/26/2021,66,Other,508
6,Customer 6,customer6@example.com,France,Premium,3/2/2015,20,Male,704
7,Customer 7,customer7@example.com,China,Premium,5/24/2018,24,Female,892
8,Customer 8,customer8@example.com,China,Regular,10/2/2023,26,Male,488
9,Customer 9,customer9@example.com,Japan,Premium,10/5/2014,36,Other,30
10,Customer 10,customer10@example.com,Brazil,Premium,8/30/2017,30,Male,959
11,Customer 11,customer11@example.com,UK,Regular,5/17/2020,62,Female,876
12,Customer 12,customer12@example.com,Australia,VIP,6/16/2019,65,Other,758
13,Customer 13,customer13@example.com,USA,Regular,8/14/2011,21,Other,967
14,Customer 14,customer14@example.com,Australia,VIP,11/9/2023,54,Female,504
15,Customer 15,customer15@example.com,China,Regular,3/25/2023,75,Other,696
16,Customer 16,customer16@example.com,Australia,Premium,12/31/2012,72,Female,609
17,Customer 17,customer17@example.com,Australia,Regular,3/22/2022,48,Other,951
18,Customer 18,customer18@example.com,USA,Regular,9/23/2012,71,Other,168
19,Customer 19,customer19@example.com,France,Regular,5/2/2015,25,Female,432
20,Customer 20,customer20@example.com,China,Premium,5/15/2020,55,Other,472
21,Customer 21,customer21@example.com,Canada,Regular,10/27/2020,66,Other,330
22,Customer 22,customer22@example.com,USA,Regular,12/3/2013,55,Male,531
23,Customer 23,customer23@example.com,Brazil,Premium,3/20/2015,59,Other,748
24,Customer 24,customer24@example.com,China,Premium,7/19/2010,79,Other,937
25,Customer 25,customer25@example.com,India,Premium,11/19/2015,75,Female,101
26,Customer 26,customer26@example.com,Brazil,VIP,4/30/2014,46,Female,975
27,Customer 27,customer27@example.com,Brazil,Premium,1/28/2010,58,Male,604
28,Customer 28,customer28@example.com,China,Premium,8/1/2013,56,Other,596
29,Customer 29,customer29@example.com,France,VIP,2/5/2022,46,Female,867
30,Customer 30,customer30@example.com,Brazil,Premium,7/3/2017,68,Male,290
31,Customer 31,customer31@example.com,UK,Premium,11/9/2014,62,Male,119
32,Customer 32,customer32@example.com,Japan,Regular,8/30/2022,63,Female,167
33,Customer 33,customer33@example.com,France,VIP,3/24/2014,43,Male,8
34,Customer 34,,China,VIP,6/2/2022,74,Male,623
35,Customer 35,customer35@example.com,UK,Regular,1/1/2016,66,Male,234
36,Customer 36,customer36@example.com,USA,Premium,12/22/2023,24,Male,172
37,Customer 37,customer37@example.com,Australia,VIP,10/29/2016,68,Male,246
38,Customer 38,customer38@example.com,India,VIP,10/1/2021,38,Other,82
39,Customer 39,customer39@example.com,Germany,Premium,12/13/2018,20,Other,216
40,Customer 40,customer40@example.com,France,Regular,12/5/2018,52,Male,982
41,Customer 41,customer41@example.com,USA,Premium,12/12/2023,43,Female,823
42,Customer 42,customer42@example.com,UK,Premium,10/22/2022,69,Other,424
43,Customer 43,customer43@example.com,UK,Premium,4/12/2015,68,Female,518
44,Customer 44,customer44@example.com,Brazil,Regular,12/25/2019,32,Male,58
45,Customer 45,customer45@example.com,Germany,Premium,6/9/2022,74,Female,634
46,Customer 46,customer46@example.com,France,VIP,3/20/2023,78,Other,314
47,Customer 47,customer47@example.com,Japan,VIP,2/19/2021,21,Female,352
48,Customer 48,customer48@example.com,Germany,Regular,1/5/2018,55,Male,352
49,Customer 49,customer49@example.com,Unknown,Premium,9/15/2010,66,Male,758
50,Customer 50,customer50@example.com,USA,VIP,9/20/2011,48,Male,455
51,Customer 51,customer51@example.com,Germany,Premium,7/20/2020,40,Female,8
52,Customer 52,customer52@example.com,Brazil,Premium,8/17/2023,64,Other,739
53,Customer 53,customer53@example.com,India,Regular,11/2/2021,38,Other,173
54,Customer 54,customer54@example.com,UK,VIP,5/16/2020,60,Male,132
55,Customer 55,customer55@example.com,UK,Regular,6/16/2019,33,Other,935
56,Customer 56,customer56@example.com,Canada,VIP,6/25/2014,24,Female,895
57,Customer 57,customer57@example.com,China,VIP,12/8/2010,41,Other,10
58,Customer 58,,UK,Premium,4/27/2015,35,Female,454
59,Customer 59,customer59@example.com,Brazil,Regular,8/31/2023,76,Female,253
60,Customer 60,customer60@example.com,UK,Premium,6/21/2016,43,Male,784
61,Customer 61,customer61@example.com,Australia,Regular,6/21/2016,30,Other,32
62,Customer 62,customer62@example.com,UK,Regular,7/21/2014,58,Male,319
63,Customer 63,customer63@example.com,Japan,Premium,10/22/2010,60,Other,984
64,Customer 64,customer64@example.com,Germany,Regular,8/7/2023,-1,Female,691
65,Customer 65,customer65@example.com,Australia,Premium,9/10/2022,63,Other,163
66,Customer 66,customer66@example.com,India,Regular,1/22/2017,26,Male,163
67,Customer 67,customer67@example.com,Canada,VIP,9/16/2010,51,Female,216
68,Customer 68,customer68@example.com,France,Premium,3/20/2020,66,Female,879
69,Customer 69,,France,Premium,2/14/2020,62,Female,947
70,Customer 70,customer70@example.com,USA,VIP,3/19/2010,19,Male,592
71,Customer 71,customer71@example.com,Japan,Regular,11/6/2021,73,Other,65
72,Customer 72,customer72@example.com,France,Regular,7/26/2023,60,Male,292
73,Customer 73,customer73@example.com,USA,Regular,7/7/2019,23,Male,703
74,Customer 74,customer74@example.com,Brazil,Premium,9/27/2011,-1,Male,962
75,Customer 75,customer75@example.com,China,Regular,8/27/2019,40,Male,448
76,Customer 76,customer76@example.com,Australia,VIP,3/11/2011,78,Other,739
77,Customer 77,customer77@example.com,Brazil,Regular,2/15/2017,61,Other,425
78,Customer 78,customer78@example.com,India,Premium,4/14/2014,48,Male,49
79,Customer 79,customer79@example.com,Canada,VIP,7/7/2012,32,Other,763
80,Customer 80,customer80@example.com,Unknown,Premium,1/28/2010,40,Other,115
81,Customer 81,customer81@example.com,Canada,Regular,1/14/2010,35,Male,721
82,Customer 82,customer82@example.com,Unknown,VIP,12/28/2017,53,Other,474
83,Customer 83,customer83@example.com,India,Premium,11/10/2012,20,Male,996
84,Customer 84,customer84@example.com,UK,VIP,7/12/2011,77,Other,945
85,Customer 85,customer85@example.com,UK,Regular,1/17/2015,56,Other,148
86,Customer 86,customer86@example.com,Germany,Regular,10/26/2016,58,Other,675
87,Customer 87,customer87@example.com,India,Regular,2/22/2023,54,Male,855
88,Customer 88,customer88@example.com,China,VIP,3/27/2011,59,Other,269
89,Customer 89,customer89@example.com,India,Premium,4/22/2019,73,Female,669
90,Customer 90,customer90@example.com,Brazil,Premium,8/30/2017,64,Female,274
91,Customer 91,,USA,Regular,9/24/2017,39,Female,730
92,Customer 92,customer92@example.com,Australia,Premium,10/30/2011,30,Female,639
93,Customer 93,customer93@example.com,Canada,Regular,3/3/2020,65,Female,48
94,Customer 94,customer94@example.com,France,Premium,9/23/2013,52,Other,157
95,Customer 95,customer95@example.com,Canada,VIP,5/3/2014,36,Male,112
96,Customer 96,customer96@example.com,Australia,Regular,11/24/2010,26,Male,658
97,Customer 97,,Unknown,VIP,3/22/2012,34,Female,463
98,Customer 98,customer98@example.com,Germany,VIP,7/11/2010,38,Male,242
99,Customer 99,customer99@example.com,China,Regular,10/12/2018,62,Female,477
100,Customer 100,customer100@example.com,UK,Regular,1/18/2022,18,Other,689
101,Customer 101,customer101@example.com,Japan,VIP,11/29/2015,75,Male,2
102,Customer 102,customer102@example.com,UK,Regular,8/28/2017,73,Female,641
103,Customer 103,customer103@example.com,Japan,Regular,9/25/2023,53,Male,778
104,Customer 104,customer104@example.com,Germany,Regular,9/11/2015,36,Female,726
105,Customer 105,customer105@example.com,Germany,Regular,10/2/2020,43,Other,667
106,Customer 106,customer106@example.com,India,Regular,3/22/2021,47,Male,678
107,Customer 107,customer107@example.com,Germany,VIP,2/13/2017,38,Male,162
108,Customer 108,customer108@example.com,China,VIP,3/29/2017,18,Other,282
109,Customer 109,customer109@example.com,Japan,Premium,3/15/2016,29,Male,271
110,Customer 110,customer110@example.com,China,VIP,11/25/2018,51,Male,805
111,Customer 111,,UK,Regular,11/14/2014,24,Female,616
112,Customer 112,customer112@example.com,USA,VIP,12/9/2023,43,Female,591
113,Customer 113,customer113@example.com,China,Regular,3/24/2015,70,Other,610
114,Customer 114,customer114@example.com,France,VIP,10/30/2012,37,Female,870
115,Customer 115,customer115@example.com,China,VIP,2/4/2014,30,Female,784
116,Customer 116,customer116@example.com,USA,Premium,1/7/2018,48,Male,968
117,Customer 117,customer117@example.com,France,Regular,10/24/2021,60,Male,72
118,Customer 118,customer118@example.com,Japan,VIP,7/27/2020,51,Other,775
119,Customer 119,customer119@example.com,Germany,VIP,9/21/2021,65,Male,129
120,Customer 120,customer120@example.com,Japan,Premium,10/2/2021,67,Male,162
121,Customer 121,customer121@example.com,France,Regular,11/5/2023,49,Other,124
122,Customer 122,customer122@example.com,Australia,VIP,5/22/2010,73,Other,790
123,Customer 123,customer123@example.com,USA,VIP,10/7/2014,37,Other,537
124,Customer 124,customer124@example.com,India,VIP,3/10/2018,34,Female,325
125,Customer 125,customer125@example.com,UK,Regular,5/25/2015,79,Female,756
126,Customer 126,customer126@example.com,Australia,VIP,2/10/2016,70,Male,875
127,Customer 127,,Germany,Premium,6/14/2015,70,Male,600
128,Customer 128,customer128@example.com,India,VIP,4/12/2020,69,Female,841
129,Customer 129,customer129@example.com,India,VIP,2/23/2017,24,Other,888
130,Customer 130,customer130@example.com,Canada,VIP,12/5/2019,63,Other,608
131,Customer 131,customer131@example.com,Australia,VIP,12/31/2015,74,Male,784
132,Customer 132,customer132@example.com,France,VIP,6/17/2014,59,Other,82
133,Customer 133,customer133@example.com,Brazil,VIP,1/26/2010,51,Female,957
134,Customer 134,customer134@example.com,USA,Regular,11/20/2015,69,Female,943
135,Customer 135,customer135@example.com,France,VIP,1/10/2012,21,Female,759
136,Customer 136,customer136@example.com,UK,Regular,4/22/2010,39,Female,517
137,Customer 137,customer137@example.com,China,Regular,8/11/2021,58,Other,239
138,Customer 138,customer138@example.com,UK,Regular,8/17/2017,29,Female,184
139,Customer 139,customer139@example.com,Australia,Premium,7/9/2016,23,Other,372
140,Customer 140,customer140@example.com,India,Regular,2/16/2015,78,Male,671
141,Customer 141,customer141@example.com,Australia,Regular,9/1/2016,65,Other,273
142,Customer 142,customer142@example.com,USA,Regular,11/11/2015,34,Female,716
143,Customer 143,customer143@example.com,Germany,Regular,8/22/2014,32,Female,558
144,Customer 144,customer144@example.com,Canada,Premium,11/13/2012,46,Other,475
145,Customer 145,customer145@example.com,UK,Premium,3/2/2014,30,Female,654
146,Customer 146,customer146@example.com,Canada,Premium,8/3/2019,38,Other,578
147,Customer 147,customer147@example.com,France,Premium,11/18/2023,32,Other,924
148,Customer 148,customer148@example.com,Australia,VIP,2/28/2015,52,Male,350
149,Customer 149,customer149@example.com,Germany,VIP,10/4/2019,77,Other,403
150,Customer 150,customer150@example.com,USA,VIP,8/18/2018,39,Female,93
151,Customer 151,customer151@example.com,Canada,Premium,5/5/2018,31,Other,40
152,Customer 152,customer152@example.com,Brazil,Premium,9/3/2023,43,Female,613
153,Customer 153,customer153@example.com,Australia,VIP,10/8/2021,-1,Male,934
154,Customer 154,customer154@example.com,Australia,VIP,7/5/2015,24,Male,759
155,Customer 155,customer155@example.com,Japan,Regular,9/29/2012,65,Male,561
156,Customer 156,customer156@example.com,China,VIP,7/23/2012,47,Male,935
157,Customer 157,customer157@example.com,Unknown,VIP,2/18/2022,21,Other,756
158,Customer 158,customer158@example.com,China,Premium,3/14/2014,57,Other,753
159,Customer 159,customer159@example.com,USA,VIP,2/5/2023,58,Other,260
160,Customer 160,customer160@example.com,Germany,VIP,6/13/2019,25,Male,538
161,Customer 161,customer161@example.com,UK,Premium,2/21/2010,45,Female,124
162,Customer 162,customer162@example.com,Germany,Regular,8/30/2015,51,Female,970
163,Customer 163,customer163@example.com,Japan,Premium,3/9/2010,57,Female,36
164,Customer 164,customer164@example.com,Brazil,Regular,8/21/2020,24,Female,979
165,Customer 165,customer165@example.com,USA,VIP,9/18/2013,35,Female,429
166,Customer 166,customer166@example.com,USA,Premium,7/12/2020,43,Other,477
167,Customer 167,customer167@example.com,Japan,Regular,4/15/2021,48,Female,846
168,Customer 168,customer168@example.com,Canada,VIP,10/27/2013,27,Other,396
169,Customer 169,customer169@example.com,Australia,Regular,11/8/2014,37,Other,287
170,Customer 170,customer170@example.com,Canada,Regular,4/30/2014,57,Other,311
171,Customer 171,customer171@example.com,Australia,Premium,1/3/2020,79,Female,295
172,Customer 172,customer172@example.com,India,VIP,1/8/2017,70,Other,129
173,Customer 173,customer173@example.com,Australia,VIP,3/13/2020,47,Other,43
174,Customer 174,customer174@example.com,Brazil,Regular,1/2/2012,36,Male,666
175,Customer 175,customer175@example.com,Canada,Premium,6/3/2021,55,Other,543
176,Customer 176,customer176@example.com,Australia,Regular,2/16/2021,72,Male,728
177,Customer 177,customer177@example.com,China,Regular,12/12/2021,51,Male,807
178,Customer 178,customer178@example.com,France,Premium,1/2/2022,56,Male,902
179,Customer 179,customer179@example.com,Unknown,Premium,2/10/2014,59,Other,854
180,Customer 180,,UK,Premium,9/3/2013,28,Male,51
181,Customer 181,customer181@example.com,India,Premium,7/1/2021,64,Male,44
182,Customer 182,customer182@example.com,UK,Regular,4/14/2013,60,Male,839
183,Customer 183,customer183@example.com,UK,Premium,12/30/2017,64,Other,320
184,Customer 184,customer184@example.com,Japan,VIP,5/18/2016,20,Male,550
185,Customer 185,customer185@example.com,Brazil,Premium,8/27/2019,74,Male,772
186,Customer 186,customer186@example.com,Germany,VIP,1/8/2012,73,Other,33
187,Customer 187,customer187@example.com,Unknown,Premium,2/7/2013,19,Male,171
188,Customer 188,customer188@example.com,USA,Premium,10/1/2019,70,Male,219
189,Customer 189,customer189@example.com,Brazil,Regular,11/25/2017,30,Female,491
190,Customer 190,customer190@example.com,India,Premium,4/2/2012,74,Other,158
191,Customer 191,customer191@example.com,Canada,Regular,4/26/2023,69,Male,184
192,Customer 192,,USA,Premium,4/14/2022,78,Male,572
193,Customer 193,customer193@example.com,France,VIP,3/29/2022,28,Female,834
194,Customer 194,customer194@example.com,France,VIP,5/16/2016,57,Female,555
195,Customer 195,customer195@example.com,China,Regular,1/28/2023,59,Other,631
196,Customer 196,customer196@example.com,Brazil,VIP,1/17/2011,57,Male,506
197,Customer 197,customer197@example.com,Japan,Premium,7/2/2023,-1,Male,283
198,Customer 198,customer198@example.com,France,Premium,7/12/2016,20,Male,767
199,Customer 199,customer199@example.com,China,VIP,2/16/2014,70,Female,135
200,Customer 200,customer200@example.com,UK,Premium,7/26/2012,77,Female,977
201,Customer 201,customer201@example.com,Canada,Premium,8/21/2013,18,Female,735
202,Customer 202,customer202@example.com,Japan,VIP,11/3/2016,76,Male,292
203,Customer 203,customer203@example.com,Germany,Premium,1/11/2021,33,Other,741
204,Customer 204,customer204@example.com,India,VIP,8/11/2020,54,Male,595
205,Customer 205,customer205@example.com,Australia,Regular,7/27/2013,71,Other,778
206,Customer 206,customer206@example.com,Brazil,Premium,9/26/2018,71,Male,746
207,Customer 207,customer207@example.com,USA,VIP,3/29/2017,72,Female,616
208,Customer 208,customer208@example.com,USA,Regular,8/23/2018,61,Other,472
209,Customer 209,customer209@example.com,USA,Regular,3/28/2010,54,Other,205
210,Customer 210,customer210@example.com,USA,Premium,8/20/2012,72,Male,871
211,Customer 211,customer211@example.com,India,VIP,8/14/2014,69,Male,362
212,Customer 212,customer212@example.com,China,VIP,10/19/2014,66,Male,149
213,Customer 213,customer213@example.com,India,Regular,12/3/2016,29,Male,416
214,Customer 214,customer214@example.com,Australia,VIP,8/18/2020,35,Female,454
215,Customer 215,customer215@example.com,USA,VIP,9/15/2023,44,Female,79
216,Customer 216,customer216@example.com,Australia,Premium,5/20/2020,64,Female,212
217,Customer 217,customer217@example.com,Germany,Premium,10/17/2014,74,Female,428
218,Customer 218,customer218@example.com,UK,Regular,5/3/2013,76,Other,502
219,Customer 219,customer219@example.com,China,VIP,2/7/2023,39,Male,542
220,Customer 220,customer220@example.com,USA,VIP,3/8/2010,51,Male,202
221,Customer 221,customer221@example.com,Australia,VIP,10/29/2020,37,Male,678
222,Customer 222,customer222@example.com,USA,Regular,11/9/2016,59,Other,989
223,Customer 223,customer223@example.com,Brazil,Premium,5/10/2017,53,Female,776
224,Customer 224,customer224@example.com,Brazil,Premium,2/18/2021,32,Female,244
225,Customer 225,customer225@example.com,USA,Premium,8/24/2011,72,Female,791
226,Customer 226,customer226@example.com,Australia,Premium,10/31/2010,68,Male,490
227,Customer 227,customer227@example.com,France,Premium,10/22/2013,52,Female,237
228,Customer 228,customer228@example.com,Germany,VIP,6/18/2019,69,Female,327
229,Customer 229,customer229@example.com,Japan,Premium,2/18/2013,45,Female,475
230,Customer 230,customer230@example.com,Brazil,VIP,5/28/2015,31,Male,310
231,Customer 231,customer231@example.com,Australia,Premium,9/13/2021,41,Female,72
232,Customer 232,,Australia,VIP,3/7/2013,60,Male,99
233,Customer 233,customer233@example.com,Germany,VIP,3/17/2016,36,Female,576
234,Customer 234,customer234@example.com,USA,VIP,4/1/2018,19,Other,649
235,Customer 235,customer235@example.com,Australia,Regular,9/3/2021,57,Male,233
236,Customer 236,customer236@example.com,China,Premium,7/25/2022,39,Female,13
237,Customer 237,customer237@example.com,Brazil,VIP,10/29/2023,58,Male,160
238,Customer 238,customer238@example.com,France,Premium,8/26/2022,59,Male,765
239,Customer 239,customer239@example.com,France,Premium,3/6/2015,30,Female,340
240,Customer 240,customer240@example.com,Japan,Regular,4/1/2012,21,Other,924
241,Customer 241,customer241@example.com,Japan,VIP,8/18/2013,23,Female,941
242,Customer 242,customer242@example.com,China,VIP,7/16/2022,73,Other,633
243,Customer 243,customer243@example.com,USA,VIP,1/17/2015,42,Other,999
244,Customer 244,customer244@example.com,UK,Regular,2/4/2023,27,Female,100
245,Customer 245,customer245@example.com,UK,Regular,8/19/2023,31,Other,339
246,Customer 246,customer246@example.com,UK,Premium,5/14/2019,41,Male,495
247,Customer 247,customer247@example.com,China,Regular,1/31/2017,57,Male,265
248,Customer 248,customer248@example.com,Brazil,Premium,10/5/2011,36,Male,269
249,Customer 249,customer249@example.com,Australia,Regular,2/27/2019,24,Other,302
250,Customer 250,customer250@example.com,UK,Regular,10/27/2015,67,Male,897
251,Customer 251,customer251@example.com,France,VIP,1/1/2011,51,Male,34
252,Customer 252,customer252@example.com,India,Regular,7/8/2012,56,Female,727
253,Customer 253,customer253@example.com,USA,VIP,5/4/2014,-1,Male,129
254,Customer 254,customer254@example.com,Australia,Premium,4/20/2017,18,Other,475
255,Customer 255,customer255@example.com,Australia,VIP,9/25/2019,67,Other,581
256,Customer 256,customer256@example.com,Germany,Regular,5/22/2018,72,Male,494
257,Customer 257,customer257@example.com,Japan,VIP,10/29/2010,37,Other,117
258,Customer 258,customer258@example.com,China,Regular,9/8/2014,50,Male,719
259,Customer 259,customer259@example.com,China,Regular,4/27/2018,29,Female,22
260,Customer 260,customer260@example.com,China,VIP,3/19/2012,36,Other,307
261,Customer 261,customer261@example.com,USA,Premium,9/14/2019,59,Other,115
262,Customer 262,customer262@example.com,India,VIP,1/21/2010,39,Female,796
263,Customer 263,customer263@example.com,Germany,Premium,4/14/2022,70,Male,469
264,Customer 264,,Germany,Premium,7/2/2012,75,Male,906
265,Customer 265,customer265@example.com,Canada,Regular,6/9/2014,76,Male,87
266,Customer 266,customer266@example.com,UK,Premium,9/16/2013,59,Female,175
267,Customer 267,customer267@example.com,Germany,VIP,5/5/2016,46,Female,999
268,Customer 268,customer268@example.com,Japan,Premium,4/2/2014,48,Male,29
269,Customer 269,customer269@example.com,Japan,Premium,8/28/2021,31,Other,989
270,Customer 270,customer270@example.com,Japan,VIP,11/25/2017,48,Male,787
271,Customer 271,customer271@example.com,USA,Regular,4/5/2017,28,Female,408
272,Customer 272,customer272@example.com,Australia,Premium,7/13/2012,18,Male,311
273,Customer 273,customer273@example.com,Australia,VIP,4/18/2016,75,Female,455
274,Customer 274,customer274@example.com,Japan,Regular,12/19/2010,73,Male,198
275,Customer 275,customer275@example.com,USA,Regular,9/10/2010,76,Female,846
276,Customer 276,customer276@example.com,France,Premium,10/17/2018,23,Other,520
277,Customer 277,,Australia,Regular,11/5/2019,26,Other,681
278,Customer 278,,Germany,Regular,3/9/2020,22,Male,85
279,Customer 279,customer279@example.com,Brazil,Premium,5/2/2019,35,Female,977
280,Customer 280,customer280@example.com,Brazil,Regular,9/27/2021,35,Female,955
281,Customer 281,customer281@example.com,Canada,Premium,10/23/2016,58,Other,998
282,Customer 282,customer282@example.com,Australia,VIP,2/1/2018,57,Male,733
283,Customer 283,customer283@example.com,Japan,VIP,8/7/2013,30,Male,264
284,Customer 284,customer284@example.com,Canada,Regular,10/27/2015,76,Female,857
285,Customer 285,customer285@example.com,USA,Premium,3/25/2012,24,Male,221
286,Customer 286,customer286@example.com,Brazil,Regular,9/2/2012,25,Female,959
287,Customer 287,customer287@example.com,UK,Premium,11/27/2020,32,Female,749
288,Customer 288,customer288@example.com,Unknown,Regular,1/21/2010,75,Other,761
289,Customer 289,,USA,Premium,7/31/2013,34,Other,48
290,Customer 290,customer290@example.com,India,Regular,3/23/2016,69,Other,473
291,Customer 291,customer291@example.com,India,VIP,11/15/2019,73,Male,130
292,Customer 292,customer292@example.com,Brazil,Regular,1/25/2019,58,Other,707
293,Customer 293,customer293@example.com,UK,Regular,7/12/2011,19,Female,445
294,Customer 294,customer294@example.com,Canada,Regular,11/18/2016,40,Other,229
295,Customer 295,customer295@example.com,France,Premium,12/26/2021,68,Male,624
296,Customer 296,customer296@example.com,USA,Premium,7/23/2017,35,Female,479
297,Customer 297,customer297@example.com,India,Premium,12/1/2011,38,Other,977
298,Customer 298,,India,Premium,2/23/2011,37,Female,603
299,Customer 299,customer299@example.com,Australia,Regular,5/5/2023,70,Male,464
300,Customer 300,,Japan,Regular,10/15/2016,53,Male,798
301,Customer 301,customer301@example.com,France,Premium,1/14/2020,57,Other,920
302,Customer 302,customer302@example.com,UK,Regular,12/20/2010,23,Other,524
303,Customer 303,customer303@example.com,UK,VIP,12/25/2014,58,Male,153
304,Customer 304,customer304@example.com,Unknown,VIP,12/9/2015,29,Female,206
305,Customer 305,customer305@example.com,Germany,Premium,10/16/2020,28,Female,343
306,Customer 306,customer306@example.com,France,VIP,4/2/2017,49,Male,853
307,Customer 307,customer307@example.com,Unknown,VIP,5/21/2011,27,Male,604
308,Customer 308,customer308@example.com,UK,Regular,4/17/2017,19,Other,138
309,Customer 309,customer309@example.com,Canada,VIP,2/4/2011,19,Female,475
310,Customer 310,customer310@example.com,UK,VIP,2/22/2015,45,Female,673
311,Customer 311,customer311@example.com,Australia,Premium,8/8/2019,74,Male,848
312,Customer 312,customer312@example.com,Germany,Regular,1/30/2018,67,Male,996
313,Customer 313,customer313@example.com,Unknown,Regular,8/20/2017,63,Male,855
314,Customer 314,customer314@example.com,Unknown,VIP,6/13/2015,36,Other,661
315,Customer 315,customer315@example.com,France,Premium,10/10/2021,42,Female,89
316,Customer 316,customer316@example.com,France,Premium,2/16/2011,22,Other,101
317,Customer 317,customer317@example.com,India,Premium,5/8/2016,41,Female,787
318,Customer 318,customer318@example.com,Japan,VIP,2/21/2023,-1,Male,575
319,Customer 319,customer319@example.com,Brazil,Regular,1/8/2020,60,Male,228
320,Customer 320,customer320@example.com,Germany,VIP,4/30/2019,76,Female,274
321,Customer 321,customer321@example.com,Brazil,Regular,10/16/2023,39,Female,801
322,Customer 322,customer322@example.com,India,Premium,3/26/2023,31,Female,864
323,Customer 323,customer323@example.com,Australia,Premium,4/9/2015,68,Male,602
324,Customer 324,customer324@example.com,Germany,Regular,7/28/2015,59,Male,846
325,Customer 325,customer325@example.com,Brazil,Premium,5/30/2021,78,Female,115
326,Customer 326,,Japan,Premium,4/8/2019,47,Other,79
327,Customer 327,customer327@example.com,Japan,Regular,5/3/2015,47,Male,125
328,Customer 328,customer328@example.com,USA,Regular,3/29/2015,46,Female,869
329,Customer 329,customer329@example.com,UK,VIP,12/18/2016,47,Male,214
330,Customer 330,,China,VIP,3/12/2023,58,Male,60
331,Customer 331,customer331@example.com,Japan,VIP,8/8/2015,38,Female,686
332,Customer 332,,France,Premium,12/12/2019,63,Male,264
333,Customer 333,customer333@example.com,France,VIP,6/15/2015,-1,Other,297
334,Customer 334,customer334@example.com,Germany,Regular,11/6/2016,36,Female,856
335,Customer 335,customer335@example.com,Japan,Premium,3/28/2012,77,Other,135
336,Customer 336,customer336@example.com,Brazil,Premium,1/13/2021,60,Other,266
337,Customer 337,customer337@example.com,Germany,Regular,11/29/2012,36,Other,52
338,Customer 338,customer338@example.com,UK,Premium,8/30/2012,74,Female,139
339,Customer 339,customer339@example.com,Japan,Premium,5/2/2021,32,Other,707
340,Customer 340,customer340@example.com,Unknown,Premium,4/22/2018,71,Female,65
341,Customer 341,customer341@example.com,Brazil,VIP,3/10/2021,51,Female,160
342,Customer 342,customer342@example.com,Japan,Premium,9/11/2010,46,Other,709
343,Customer 343,customer343@example.com,Canada,VIP,8/21/2018,19,Other,852
344,Customer 344,customer344@example.com,Brazil,Regular,3/9/2017,50,Female,300
345,Customer 345,customer345@example.com,Brazil,Regular,3/4/2016,34,Female,206
346,Customer 346,customer346@example.com,Canada,VIP,4/24/2013,26,Other,654
347,Customer 347,,USA,Regular,8/21/2018,62,Other,585
348,Customer 348,customer348@example.com,India,Regular,10/4/2017,78,Male,269
349,Customer 349,customer349@example.com,Japan,VIP,10/26/2010,69,Male,68
350,Customer 350,customer350@example.com,Germany,Premium,8/22/2019,30,Female,13
351,Customer 351,customer351@example.com,Brazil,VIP,9/10/2016,35,Female,764
352,Customer 352,customer352@example.com,Australia,Premium,1/29/2016,18,Female,264
353,Customer 353,customer353@example.com,China,Premium,9/14/2013,29,Female,681
354,Customer 354,customer354@example.com,Japan,Regular,2/23/2014,25,Other,200
355,Customer 355,customer355@example.com,India,Premium,5/9/2018,76,Male,11
356,Customer 356,customer356@example.com,China,Premium,2/12/2018,56,Other,69
357,Customer 357,customer357@example.com,India,VIP,9/21/2014,59,Male,881
358,Customer 358,customer358@example.com,USA,Regular,10/27/2011,39,Other,647
359,Customer 359,customer359@example.com,Japan,Premium,7/24/2023,22,Other,169
360,Customer 360,customer360@example.com,Germany,Premium,12/16/2021,37,Female,554
361,Customer 361,customer361@example.com,Australia,Regular,5/26/2017,53,Male,661
362,Customer 362,customer362@example.com,Unknown,Regular,1/11/2016,74,Male,777
363,Customer 363,customer363@example.com,France,Regular,12/2/2015,35,Male,520
364,Customer 364,customer364@example.com,India,Premium,3/13/2019,27,Other,515
365,Customer 365,customer365@example.com,Australia,Premium,3/17/2023,78,Other,32
366,Customer 366,customer366@example.com,China,Premium,10/9/2018,21,Other,123
367,Customer 367,customer367@example.com,Brazil,Regular,9/15/2022,64,Other,24
368,Customer 368,customer368@example.com,Canada,VIP,2/10/2023,76,Female,522
369,Customer 369,customer369@example.com,Brazil,Regular,8/9/2010,42,Female,115
370,Customer 370,customer370@example.com,Brazil,VIP,9/30/2012,57,Other,988
371,Customer 371,customer371@example.com,Brazil,Premium,1/19/2013,39,Male,860
372,Customer 372,customer372@example.com,Germany,Regular,5/5/2020,35,Other,716
373,Customer 373,customer373@example.com,China,VIP,10/21/2013,72,Male,1
374,Customer 374,customer374@example.com,UK,Premium,4/19/2023,63,Female,379
375,Customer 375,customer375@example.com,Germany,Regular,6/30/2022,36,Other,894
376,Customer 376,customer376@example.com,Unknown,Premium,1/28/2019,41,Male,908
377,Customer 377,customer377@example.com,Germany,Regular,4/8/2022,71,Female,590
378,Customer 378,customer378@example.com,Germany,Premium,12/31/2012,74,Female,846
379,Customer 379,customer379@example.com,France,VIP,11/28/2021,50,Other,12
380,Customer 380,customer380@example.com,Japan,VIP,12/26/2022,77,Other,150
381,Customer 381,customer381@example.com,Germany,Regular,4/15/2016,73,Female,477
382,Customer 382,customer382@example.com,Germany,Premium,2/29/2012,77,Other,204
383,Customer 383,customer383@example.com,UK,Regular,11/12/2018,59,Other,409
384,Customer 384,,Unknown,Premium,3/5/2011,60,Other,819
385,Customer 385,customer385@example.com,UK,Regular,4/6/2017,18,Other,690
386,Customer 386,customer386@example.com,China,VIP,7/13/2022,65,Other,235
387,Customer 387,customer387@example.com,Canada,Premium,5/22/2013,48,Male,430
388,Customer 388,customer388@example.com,UK,VIP,4/4/2017,40,Male,21
389,Customer 389,customer389@example.com,Germany,VIP,6/6/2012,51,Male,571
390,Customer 390,customer390@example.com,Brazil,Premium,6/21/2015,56,Male,670
391,Customer 391,customer391@example.com,Canada,Regular,8/29/2010,33,Male,255
392,Customer 392,customer392@example.com,Canada,Regular,10/4/2011,79,Female,998
393,Customer 393,customer393@example.com,Japan,Premium,6/20/2021,44,Male,522
394,Customer 394,customer394@example.com,Japan,VIP,11/15/2022,58,Female,455
395,Customer 395,customer395@example.com,Canada,Regular,10/25/2016,67,Other,132
396,Customer 396,customer396@example.com,France,Regular,9/5/2015,79,Female,925
397,Customer 397,customer397@example.com,Brazil,VIP,1/18/2011,36,Other,245
398,Customer 398,customer398@example.com,Canada,Premium,12/26/2017,33,Male,228
399,Customer 399,customer399@example.com,UK,VIP,8/4/2015,-1,Other,741
400,Customer 400,customer400@example.com,Australia,Regular,12/8/2018,74,Male,164
401,Customer 401,customer401@example.com,India,Premium,4/17/2020,27,Female,747
402,Customer 402,customer402@example.com,Australia,Premium,11/30/2020,52,Female,804
403,Customer 403,customer403@example.com,UK,VIP,5/24/2021,59,Female,864
404,Customer 404,customer404@example.com,India,Regular,8/3/2010,51,Other,835
405,Customer 405,customer405@example.com,UK,VIP,1/27/2023,73,Female,675
406,Customer 406,customer406@example.com,China,Regular,9/8/2023,58,Other,899
407,Customer 407,customer407@example.com,USA,Regular,11/29/2018,30,Other,910
408,Customer 408,customer408@example.com,India,VIP,4/12/2012,22,Female,631
409,Customer 409,customer409@example.com,India,VIP,10/30/2012,37,Male,160
410,Customer 410,customer410@example.com,China,Premium,11/10/2018,35,Female,942
411,Customer 411,customer411@example.com,France,VIP,10/23/2014,69,Other,13
412,Customer 412,customer412@example.com,Unknown,VIP,9/15/2012,79,Female,28
413,Customer 413,customer413@example.com,Australia,Regular,10/11/2018,23,Female,971
414,Customer 414,customer414@example.com,Germany,Premium,2/17/2012,51,Female,129
415,Customer 415,customer415@example.com,Australia,VIP,3/6/2011,22,Male,680
416,Customer 416,customer416@example.com,Japan,Premium,9/14/2011,69,Female,179
417,Customer 417,,China,Premium,12/23/2013,73,Female,226
418,Customer 418,customer418@example.com,Japan,Premium,3/10/2015,29,Female,908
419,Customer 419,customer419@example.com,Canada,Premium,11/1/2017,40,Female,511
420,Customer 420,customer420@example.com,France,Premium,7/24/2013,75,Male,738
421,Customer 421,customer421@example.com,Australia,Premium,5/13/2021,28,Male,586
422,Customer 422,customer422@example.com,Japan,Premium,4/2/2012,33,Male,354
423,Customer 423,customer423@example.com,Brazil,Premium,5/27/2018,18,Female,417
424,Customer 424,customer424@example.com,China,Premium,11/3/2023,54,Female,551
425,Customer 425,customer425@example.com,France,Regular,12/19/2010,62,Other,730
426,Customer 426,customer426@example.com,China,Premium,8/19/2019,49,Other,208
427,Customer 427,customer427@example.com,USA,Premium,10/5/2021,40,Female,489
428,Customer 428,customer428@example.com,China,Premium,11/24/2011,44,Male,562
429,Customer 429,customer429@example.com,France,Regular,3/17/2013,24,Female,311
430,Customer 430,customer430@example.com,Germany,VIP,12/3/2016,67,Female,301
431,Customer 431,customer431@example.com,India,VIP,1/12/2014,63,Male,816
432,Customer 432,,USA,Premium,5/11/2018,29,Other,791
433,Customer 433,customer433@example.com,Brazil,Premium,7/11/2013,18,Female,666
434,Customer 434,customer434@example.com,Brazil,Regular,7/9/2018,64,Male,484
435,Customer 435,customer435@example.com,UK,VIP,7/15/2012,63,Female,695
436,Customer 436,customer436@example.com,India,Regular,6/26/2021,40,Male,852
437,Customer 437,customer437@example.com,Japan,VIP,5/21/2018,59,Female,130
438,Customer 438,customer438@example.com,Germany,Premium,10/13/2016,20,Female,754
439,Customer 439,customer439@example.com,UK,Regular,1/31/2018,78,Female,770
440,Customer 440,customer440@example.com,Brazil,Premium,5/26/2018,56,Female,215
441,Customer 441,customer441@example.com,UK,Regular,9/28/2010,56,Other,737
442,Customer 442,customer442@example.com,France,VIP,9/24/2018,34,Other,483
443,Customer 443,customer443@example.com,Canada,Premium,5/26/2015,41,Male,209
444,Customer 444,customer444@example.com,Japan,Regular,9/13/2016,47,Female,792
445,Customer 445,customer445@example.com,Brazil,Regular,6/11/2016,37,Male,195
446,Customer 446,customer446@example.com,France,Premium,8/19/2015,70,Male,121
447,Customer 447,customer447@example.com,Brazil,Premium,5/10/2016,21,Other,586
448,Customer 448,customer448@example.com,UK,VIP,4/9/2015,73,Male,825
449,Customer 449,customer449@example.com,Germany,VIP,1/24/2011,53,Male,773
450,Customer 450,customer450@example.com,Germany,VIP,4/8/2017,43,Other,807
451,Customer 451,customer451@example.com,France,Regular,12/1/2010,35,Male,818
452,Customer 452,customer452@example.com,China,Premium,6/17/2015,78,Male,3
453,Customer 453,customer453@example.com,Germany,Premium,1/21/2021,55,Female,253
454,Customer 454,customer454@example.com,India,VIP,9/21/2019,27,Male,336
455,Customer 455,customer455@example.com,USA,VIP,12/4/2011,56,Male,553
456,Customer 456,customer456@example.com,Japan,Premium,9/14/2019,33,Other,68
457,Customer 457,customer457@example.com,Japan,Regular,4/4/2011,26,Male,554
458,Customer 458,customer458@example.com,Brazil,VIP,2/10/2017,78,Female,949
459,Customer 459,customer459@example.com,UK,VIP,10/4/2016,46,Male,142
460,Customer 460,customer460@example.com,France,VIP,7/29/2020,29,Other,689
461,Customer 461,customer461@example.com,Canada,VIP,1/25/2012,72,Other,415
462,Customer 462,customer462@example.com,UK,Regular,12/26/2018,47,Other,340
463,Customer 463,customer463@example.com,France,Regular,5/19/2021,-1,Other,434
464,Customer 464,customer464@example.com,Unknown,Regular,2/19/2018,28,Male,32
465,Customer 465,customer465@example.com,Japan,Premium,4/7/2020,28,Other,295
466,Customer 466,customer466@example.com,USA,Premium,7/15/2013,34,Female,470
467,Customer 467,customer467@example.com,China,Regular,12/15/2023,35,Other,571
468,Customer 468,customer468@example.com,UK,Regular,9/27/2017,20,Other,375
469,Customer 469,customer469@example.com,Germany,Premium,3/10/2019,23,Male,299
470,Customer 470,customer470@example.com,USA,Regular,7/6/2023,61,Other,275
471,Customer 471,customer471@example.com,Australia,VIP,12/12/2014,42,Female,581
472,Customer 472,customer472@example.com,Japan,VIP,7/31/2013,64,Male,47
473,Customer 473,customer473@example.com,Australia,Regular,4/8/2011,23,Female,504
474,Customer 474,customer474@example.com,France,Premium,6/26/2017,52,Other,514
475,Customer 475,customer475@example.com,India,Regular,4/11/2019,66,Female,868
476,Customer 476,customer476@example.com,India,VIP,9/1/2021,37,Male,885
477,Customer 477,customer477@example.com,Canada,Premium,10/1/2022,70,Female,389
478,Customer 478,customer478@example.com,Japan,VIP,7/23/2012,62,Male,283
479,Customer 479,customer479@example.com,India,VIP,8/6/2013,74,Female,134
480,Customer 480,,Australia,Regular,8/26/2018,47,Other,818
481,Customer 481,customer481@example.com,UK,Premium,2/5/2010,57,Other,437
482,Customer 482,customer482@example.com,Australia,VIP,9/13/2016,27,Other,632
483,Customer 483,customer483@example.com,UK,Regular,11/27/2022,32,Male,678
484,Customer 484,customer484@example.com,India,Premium,4/6/2015,76,Other,221
485,Customer 485,customer485@example.com,Unknown,Regular,11/17/2022,53,Male,212
486,Customer 486,customer486@example.com,USA,Premium,11/3/2014,57,Male,611
487,Customer 487,customer487@example.com,India,Regular,6/7/2023,38,Other,133
488,Customer 488,customer488@example.com,Japan,VIP,7/10/2021,31,Male,756
489,Customer 489,customer489@example.com,Germany,Premium,11/2/2012,35,Female,58
490,Customer 490,customer490@example.com,Brazil,Premium,12/20/2016,26,Other,904
491,Customer 491,customer491@example.com,Brazil,Regular,5/23/2019,72,Female,167
492,Customer 492,customer492@example.com,UK,Regular,12/5/2016,67,Female,386
493,Customer 493,customer493@example.com,India,VIP,5/14/2022,74,Male,740
494,Customer 494,customer494@example.com,Australia,VIP,11/24/2021,27,Female,259
495,Customer 495,customer495@example.com,USA,Regular,9/16/2016,70,Female,647
496,Customer 496,customer496@example.com,China,VIP,11/2/2022,77,Other,717
497,Customer 497,customer497@example.com,France,Premium,11/3/2015,55,Male,584
498,Customer 498,customer498@example.com,UK,Premium,9/14/2013,48,Male,350
499,Customer 499,customer499@example.com,UK,Premium,2/3/2022,52,Male,960
500,Customer 500,customer500@example.com,USA,VIP,6/23/2020,69,Male,859
501,Customer 501,customer501@example.com,Australia,Premium,7/8/2023,70,Other,540
502,Customer 502,customer502@example.com,Canada,Regular,7/15/2015,36,Other,186
503,Customer 503,customer503@example.com,Unknown,Regular,12/24/2010,48,Male,640
504,Customer 504,customer504@example.com,Brazil,Premium,1/12/2014,27,Female,398
505,Customer 505,customer505@example.com,China,Premium,10/10/2012,21,Female,947
506,Customer 506,customer506@example.com,India,Premium,3/15/2013,32,Male,142
507,Customer 507,customer507@example.com,USA,Regular,5/14/2022,60,Female,74
508,Customer 508,customer508@example.com,UK,VIP,12/15/2010,69,Other,949
509,Customer 509,customer509@example.com,Japan,Premium,10/22/2011,74,Female,298
510,Customer 510,customer510@example.com,UK,VIP,5/12/2021,21,Female,803
511,Customer 511,customer511@example.com,Brazil,Regular,3/9/2015,39,Male,775
512,Customer 512,customer512@example.com,France,VIP,4/21/2017,20,Male,233
513,Customer 513,customer513@example.com,India,Regular,5/16/2020,36,Other,661
514,Customer 514,customer514@example.com,China,Premium,5/25/2012,20,Other,360
515,Customer 515,customer515@example.com,UK,Regular,8/2/2011,32,Female,287
516,Customer 516,customer516@example.com,Australia,Regular,5/13/2013,66,Male,290
517,Customer 517,customer517@example.com,India,Premium,9/7/2014,52,Male,728
518,Customer 518,customer518@example.com,Canada,VIP,8/16/2015,22,Male,366
519,Customer 519,customer519@example.com,Canada,Regular,11/1/2021,56,Female,318
520,Customer 520,customer520@example.com,France,Premium,1/2/2014,57,Other,840
521,Customer 521,customer521@example.com,Australia,Premium,6/6/2018,46,Other,858
522,Customer 522,customer522@example.com,China,Premium,4/27/2023,22,Male,668
523,Customer 523,customer523@example.com,Germany,VIP,11/5/2014,65,Other,254
524,Customer 524,customer524@example.com,Brazil,VIP,4/18/2015,74,Other,808
525,Customer 525,customer525@example.com,India,Regular,5/14/2010,65,Other,492
526,Customer 526,customer526@example.com,USA,Premium,3/19/2014,23,Male,598
527,Customer 527,customer527@example.com,USA,Premium,1/10/2010,45,Other,831
528,Customer 528,customer528@example.com,Unknown,Premium,7/11/2023,39,Other,471
529,Customer 529,customer529@example.com,Germany,Premium,2/11/2015,27,Female,656
530,Customer 530,customer530@example.com,Japan,Regular,7/21/2012,78,Female,285
531,Customer 531,customer531@example.com,France,Premium,3/16/2013,62,Male,571
532,Customer 532,customer532@example.com,Japan,Regular,2/26/2021,32,Other,949
533,Customer 533,customer533@example.com,USA,VIP,9/22/2019,60,Female,768
534,Customer 534,customer534@example.com,Brazil,Premium,4/7/2021,69,Other,446
535,Customer 535,customer535@example.com,Canada,Regular,3/3/2021,46,Other,259
536,Customer 536,customer536@example.com,Canada,Regular,10/2/2016,30,Other,2
537,Customer 537,customer537@example.com,Germany,Regular,7/9/2011,40,Female,869
538,Customer 538,customer538@example.com,China,Premium,11/11/2013,78,Female,186
539,Customer 539,customer539@example.com,Brazil,VIP,2/10/2021,34,Female,260
540,Customer 540,customer540@example.com,Germany,VIP,10/27/2020,29,Male,346
541,Customer 541,,Japan,Regular,11/5/2017,20,Female,294
542,Customer 542,customer542@example.com,France,Premium,6/30/2017,52,Male,972
543,Customer 543,,UK,Premium,6/22/2013,35,Male,699
544,Customer 544,customer544@example.com,India,Regular,6/26/2020,68,Male,547
545,Customer 545,customer545@example.com,China,Premium,1/25/2020,77,Other,341
546,Customer 546,customer546@example.com,China,Regular,7/23/2011,33,Male,849
547,Customer 547,customer547@example.com,Japan,Premium,9/6/2018,71,Male,799
548,Customer 548,customer548@example.com,USA,Premium,3/19/2022,55,Male,556
549,Customer 549,customer549@example.com,Australia,Regular,7/7/2013,63,Male,80
550,Customer 550,customer550@example.com,India,Regular,10/19/2020,57,Female,492
551,Customer 551,customer551@example.com,Japan,VIP,3/17/2023,22,Male,647
552,Customer 552,customer552@example.com,Brazil,VIP,6/14/2011,45,Other,693
553,Customer 553,,India,Premium,3/19/2019,34,Female,763
554,Customer 554,customer554@example.com,China,Premium,4/16/2022,67,Male,476
555,Customer 555,customer555@example.com,Japan,Premium,9/18/2013,77,Male,174
556,Customer 556,customer556@example.com,China,Regular,12/23/2014,42,Female,329
557,Customer 557,customer557@example.com,Japan,Premium,6/5/2016,62,Other,287
558,Customer 558,customer558@example.com,India,Premium,6/24/2016,62,Female,222
559,Customer 559,,China,Regular,7/12/2015,24,Female,18
560,Customer 560,customer560@example.com,USA,Regular,4/2/2015,42,Male,434
561,Customer 561,customer561@example.com,USA,Premium,7/14/2022,30,Other,718
562,Customer 562,customer562@example.com,Canada,Regular,3/26/2018,60,Male,194
563,Customer 563,customer563@example.com,Germany,Premium,3/30/2012,35,Male,51
564,Customer 564,customer564@example.com,Germany,Premium,1/15/2020,26,Other,470
565,Customer 565,customer565@example.com,Canada,VIP,10/13/2012,35,Male,258
566,Customer 566,customer566@example.com,France,Regular,10/25/2021,64,Other,267
567,Customer 567,customer567@example.com,Germany,Regular,8/15/2020,55,Male,501
568,Customer 568,customer568@example.com,UK,VIP,4/4/2018,23,Male,233
569,Customer 569,customer569@example.com,USA,VIP,8/22/2014,21,Other,983
570,Customer 570,customer570@example.com,France,VIP,1/7/2014,53,Male,108
571,Customer 571,customer571@example.com,Germany,Regular,4/9/2012,44,Other,440
572,Customer 572,customer572@example.com,France,Premium,7/25/2017,25,Male,81
573,Customer 573,customer573@example.com,France,VIP,7/27/2016,21,Male,679
574,Customer 574,customer574@example.com,USA,Regular,7/20/2013,76,Female,911
575,Customer 575,customer575@example.com,Canada,Regular,12/27/2019,65,Female,523
576,Customer 576,customer576@example.com,Brazil,Premium,5/30/2019,75,Other,126
577,Customer 577,customer577@example.com,USA,VIP,8/6/2012,36,Other,569
578,Customer 578,customer578@example.com,USA,Premium,7/6/2013,28,Male,694
579,Customer 579,customer579@example.com,USA,Premium,6/19/2023,56,Male,720
580,Customer 580,customer580@example.com,Canada,Premium,1/4/2016,79,Male,465
581,Customer 581,customer581@example.com,Germany,Regular,1/9/2022,58,Female,636
582,Customer 582,customer582@example.com,Australia,VIP,1/20/2019,44,Other,237
583,Customer 583,customer583@example.com,Australia,Regular,10/17/2010,36,Male,997
584,Customer 584,customer584@example.com,UK,Premium,4/2/2017,29,Other,574
585,Customer 585,customer585@example.com,Australia,Premium,10/5/2010,67,Female,670
586,Customer 586,customer586@example.com,UK,Premium,5/8/2012,68,Female,588
587,Customer 587,customer587@example.com,USA,VIP,10/15/2015,43,Other,853
588,Customer 588,customer588@example.com,Germany,VIP,6/24/2016,69,Male,560
589,Customer 589,customer589@example.com,France,Premium,1/16/2019,60,Male,450
590,Customer 590,customer590@example.com,China,VIP,10/1/2012,79,Male,615
591,Customer 591,customer591@example.com,China,VIP,8/5/2014,71,Other,703
592,Customer 592,customer592@example.com,China,Regular,5/5/2011,65,Other,666
593,Customer 593,customer593@example.com,UK,VIP,1/30/2010,70,Other,713
594,Customer 594,customer594@example.com,USA,Premium,10/6/2021,20,Other,504
595,Customer 595,customer595@example.com,Brazil,Regular,7/25/2014,51,Female,942
596,Customer 596,customer596@example.com,Brazil,Premium,4/17/2017,-1,Male,515
597,Customer 597,customer597@example.com,China,Premium,7/5/2016,74,Other,258
598,Customer 598,customer598@example.com,Brazil,VIP,12/25/2012,37,Female,20
599,Customer 599,customer599@example.com,Japan,Regular,5/4/2014,31,Other,496
600,Customer 600,customer600@example.com,Brazil,Premium,7/19/2016,33,Other,483
601,Customer 601,customer601@example.com,UK,Regular,1/8/2018,40,Female,618
602,Customer 602,customer602@example.com,Japan,Premium,2/27/2015,62,Male,130
603,Customer 603,customer603@example.com,Canada,VIP,4/6/2012,24,Female,229
604,Customer 604,customer604@example.com,Japan,VIP,7/29/2015,66,Female,462
605,Customer 605,customer605@example.com,UK,VIP,11/9/2019,-1,Male,269
606,Customer 606,customer606@example.com,USA,Regular,8/13/2013,25,Other,580
607,Customer 607,customer607@example.com,Brazil,VIP,10/15/2014,76,Male,747
608,Customer 608,customer608@example.com,Japan,Regular,12/7/2020,64,Female,952
609,Customer 609,customer609@example.com,Australia,VIP,10/7/2014,24,Other,333
610,Customer 610,customer610@example.com,UK,Premium,2/20/2016,60,Other,742
611,Customer 611,,Germany,Regular,9/22/2018,45,Male,625
612,Customer 612,customer612@example.com,Japan,Premium,12/26/2023,28,Male,671
613,Customer 613,customer613@example.com,Brazil,Premium,9/19/2015,59,Other,824
614,Customer 614,customer614@example.com,China,Premium,12/30/2017,48,Female,209
615,Customer 615,customer615@example.com,USA,VIP,7/26/2010,74,Male,203
616,Customer 616,customer616@example.com,Brazil,Regular,10/14/2013,76,Male,853
617,Customer 617,customer617@example.com,France,VIP,6/15/2011,22,Female,112
618,Customer 618,customer618@example.com,India,Premium,10/30/2017,46,Male,473
619,Customer 619,customer619@example.com,Canada,VIP,12/3/2014,59,Female,924
620,Customer 620,customer620@example.com,France,VIP,4/6/2015,75,Male,577
621,Customer 621,customer621@example.com,Canada,Regular,11/30/2019,32,Female,63
622,Customer 622,,USA,VIP,2/23/2018,41,Other,908
623,Customer 623,customer623@example.com,Canada,Regular,6/19/2013,61,Other,238
624,Customer 624,customer624@example.com,Brazil,VIP,7/5/2017,-1,Male,941
625,Customer 625,customer625@example.com,Japan,Regular,7/6/2011,24,Female,768
626,Customer 626,customer626@example.com,Germany,Premium,7/11/2017,76,Other,612
627,Customer 627,customer627@example.com,Japan,Regular,5/11/2016,74,Female,237
628,Customer 628,customer628@example.com,Australia,VIP,2/3/2015,29,Female,584
629,Customer 629,customer629@example.com,Australia,Premium,5/11/2020,38,Other,370
630,Customer 630,customer630@example.com,China,Premium,1/29/2022,33,Female,158
631,Customer 631,customer631@example.com,China,Premium,7/11/2017,66,Female,725
632,Customer 632,customer632@example.com,USA,Premium,4/30/2019,57,Female,377
633,Customer 633,customer633@example.com,Australia,Premium,5/1/2023,45,Other,272
634,Customer 634,customer634@example.com,China,VIP,8/9/2019,26,Female,126
635,Customer 635,customer635@example.com,Brazil,VIP,9/22/2023,55,Female,966
636,Customer 636,customer636@example.com,India,VIP,8/17/2014,48,Other,876
637,Customer 637,customer637@example.com,Australia,VIP,2/5/2012,47,Other,220
638,Customer 638,customer638@example.com,Japan,Regular,6/29/2021,57,Other,962
639,Customer 639,customer639@example.com,Canada,VIP,7/3/2017,68,Male,850
640,Customer 640,customer640@example.com,USA,Regular,9/3/2011,25,Male,871
641,Customer 641,customer641@example.com,Germany,Premium,2/4/2010,37,Female,282
642,Customer 642,customer642@example.com,UK,Regular,7/21/2019,34,Other,388
643,Customer 643,customer643@example.com,Germany,Regular,4/20/2013,40,Male,112
644,Customer 644,customer644@example.com,UK,VIP,5/18/2023,70,Male,260
645,Customer 645,customer645@example.com,France,Premium,1/10/2015,42,Male,761
646,Customer 646,customer646@example.com,USA,Regular,11/22/2022,39,Male,358
647,Customer 647,customer647@example.com,Australia,Premium,8/13/2015,28,Other,527
648,Customer 648,customer648@example.com,USA,Regular,3/13/2017,63,Female,309
649,Customer 649,customer649@example.com,UK,Premium,3/21/2013,41,Male,381
650,Customer 650,customer650@example.com,Germany,VIP,7/11/2010,66,Other,1
651,Customer 651,customer651@example.com,India,VIP,7/4/2023,20,Other,929
652,Customer 652,customer652@example.com,USA,Premium,5/8/2017,23,Other,360
653,Customer 653,customer653@example.com,China,Premium,2/6/2020,34,Other,961
654,Customer 654,customer654@example.com,USA,VIP,4/13/2023,73,Female,951
655,Customer 655,customer655@example.com,Australia,Regular,9/24/2020,25,Male,849
656,Customer 656,customer656@example.com,Japan,VIP,6/8/2018,29,Male,877
657,Customer 657,customer657@example.com,Germany,VIP,10/25/2019,23,Female,257
658,Customer 658,customer658@example.com,UK,Regular,7/3/2019,72,Male,937
659,Customer 659,customer659@example.com,Australia,Regular,1/24/2022,64,Male,727
660,Customer 660,customer660@example.com,USA,Premium,6/30/2010,75,Other,245
661,Customer 661,,Australia,Premium,8/9/2015,72,Male,309
662,Customer 662,customer662@example.com,Brazil,Regular,6/20/2010,53,Female,0
663,Customer 663,customer663@example.com,Germany,Regular,10/4/2014,24,Male,531
664,Customer 664,customer664@example.com,China,VIP,4/8/2023,25,Male,510
665,Customer 665,customer665@example.com,France,VIP,9/27/2012,21,Female,806
666,Customer 666,customer666@example.com,India,VIP,4/25/2010,32,Female,116
667,Customer 667,customer667@example.com,USA,VIP,9/5/2010,47,Female,170
668,Customer 668,customer668@example.com,China,Premium,6/19/2010,45,Female,727
669,Customer 669,customer669@example.com,China,Regular,12/11/2020,32,Female,188
670,Customer 670,,Germany,Regular,10/29/2010,22,Male,124
671,Customer 671,customer671@example.com,USA,Premium,4/7/2015,35,Male,401
672,Customer 672,customer672@example.com,Canada,Premium,6/23/2013,35,Female,368
673,Customer 673,customer673@example.com,France,VIP,12/2/2015,40,Male,408
674,Customer 674,customer674@example.com,USA,Regular,1/14/2023,28,Female,714
675,Customer 675,customer675@example.com,Japan,Premium,5/23/2018,38,Male,370
676,Customer 676,customer676@example.com,China,Premium,1/6/2013,58,Female,22
677,Customer 677,customer677@example.com,Germany,Premium,1/18/2015,73,Male,543
678,Customer 678,customer678@example.com,Japan,VIP,3/2/2020,60,Other,117
679,Customer 679,customer679@example.com,Germany,VIP,9/15/2021,58,Female,508
680,Customer 680,customer680@example.com,China,Premium,5/26/2019,21,Female,556
681,Customer 681,customer681@example.com,Japan,VIP,9/21/2021,32,Female,195
682,Customer 682,customer682@example.com,Germany,Premium,7/10/2017,73,Other,35
683,Customer 683,customer683@example.com,USA,Regular,5/24/2012,57,Female,861
684,Customer 684,customer684@example.com,Australia,Premium,5/12/2014,77,Female,681
685,Customer 685,customer685@example.com,Australia,VIP,11/15/2013,41,Male,683
686,Customer 686,customer686@example.com,Brazil,Regular,3/27/2014,54,Other,17
687,Customer 687,customer687@example.com,USA,VIP,9/14/2020,36,Other,423
688,Customer 688,customer688@example.com,Canada,Regular,10/12/2010,67,Other,196
689,Customer 689,customer689@example.com,Brazil,Regular,11/3/2020,68,Male,607
690,Customer 690,customer690@example.com,Germany,Regular,5/8/2020,77,Female,565
691,Customer 691,customer691@example.com,Unknown,Premium,4/24/2016,74,Other,114
692,Customer 692,customer692@example.com,UK,Regular,8/26/2019,43,Other,166
693,Customer 693,customer693@example.com,Japan,VIP,12/18/2010,43,Other,62
694,Customer 694,customer694@example.com,Germany,Regular,8/20/2016,31,Male,326
695,Customer 695,customer695@example.com,China,Premium,5/2/2014,76,Male,264
696,Customer 696,customer696@example.com,Japan,VIP,4/2/2013,28,Other,795
697,Customer 697,customer697@example.com,Brazil,Regular,10/21/2022,29,Male,394
698,Customer 698,customer698@example.com,Australia,Premium,12/8/2018,43,Male,53
699,Customer 699,customer699@example.com,Unknown,VIP,12/30/2012,70,Other,407
700,Customer 700,customer700@example.com,Brazil,Regular,3/10/2013,30,Other,302
701,Customer 701,customer701@example.com,Japan,Premium,9/5/2022,45,Male,878
702,Customer 702,customer702@example.com,Brazil,Premium,1/30/2019,68,Female,877
703,Customer 703,customer703@example.com,Japan,Premium,1/30/2022,31,Male,369
704,Customer 704,,USA,VIP,9/19/2020,47,Other,429
705,Customer 705,customer705@example.com,USA,Regular,7/24/2022,73,Other,632
706,Customer 706,customer706@example.com,UK,VIP,8/24/2020,19,Female,939
707,Customer 707,customer707@example.com,UK,Premium,10/17/2010,43,Female,333
708,Customer 708,customer708@example.com,China,VIP,7/4/2011,29,Male,573
709,Customer 709,customer709@example.com,Japan,Regular,2/10/2017,42,Male,174
710,Customer 710,customer710@example.com,Canada,Regular,5/6/2019,47,Other,133
711,Customer 711,customer711@example.com,Brazil,VIP,9/19/2018,43,Male,591
712,Customer 712,customer712@example.com,Brazil,VIP,2/17/2013,28,Male,741
713,Customer 713,customer713@example.com,France,Regular,7/24/2022,21,Other,419
714,Customer 714,customer714@example.com,France,Premium,11/5/2014,68,Female,618
715,Customer 715,customer715@example.com,China,VIP,1/22/2014,32,Female,449
716,Customer 716,customer716@example.com,China,Premium,12/16/2017,70,Female,257
717,Customer 717,customer717@example.com,China,Premium,6/9/2016,21,Other,910
718,Customer 718,customer718@example.com,Brazil,Regular,12/27/2022,40,Female,377
719,Customer 719,customer719@example.com,Australia,VIP,4/4/2012,44,Male,824
720,Customer 720,customer720@example.com,Brazil,Premium,5/2/2010,71,Female,359
721,Customer 721,customer721@example.com,Canada,VIP,4/9/2018,75,Other,981
722,Customer 722,customer722@example.com,Brazil,Regular,10/6/2013,24,Other,13
723,Customer 723,customer723@example.com,Australia,Regular,9/11/2013,67,Male,178
724,Customer 724,customer724@example.com,China,Premium,3/5/2016,-1,Female,881
725,Customer 725,customer725@example.com,Germany,Regular,8/15/2011,65,Female,947
726,Customer 726,customer726@example.com,Canada,VIP,5/10/2010,40,Female,870
727,Customer 727,customer727@example.com,Australia,Premium,2/8/2019,61,Female,949
728,Customer 728,customer728@example.com,China,Premium,12/30/2018,51,Other,645
729,Customer 729,customer729@example.com,China,Premium,4/30/2017,78,Other,254
730,Customer 730,customer730@example.com,Australia,VIP,8/23/2020,58,Male,509
731,Customer 731,customer731@example.com,UK,VIP,7/3/2011,76,Male,529
732,Customer 732,customer732@example.com,Japan,Premium,12/14/2023,-1,Male,270
733,Customer 733,,Japan,Premium,7/30/2018,44,Male,436
734,Customer 734,customer734@example.com,Germany,Regular,4/29/2017,50,Male,942
735,Customer 735,customer735@example.com,France,Premium,3/30/2011,37,Female,306
736,Customer 736,customer736@example.com,Brazil,VIP,5/2/2010,19,Female,952
737,Customer 737,customer737@example.com,Canada,VIP,8/19/2016,28,Female,469
738,Customer 738,customer738@example.com,Germany,VIP,2/17/2023,47,Female,625
739,Customer 739,customer739@example.com,Australia,Regular,3/8/2023,26,Male,411
740,Customer 740,customer740@example.com,Germany,Regular,12/29/2010,46,Male,396
741,Customer 741,customer741@example.com,Canada,Premium,1/29/2015,61,Female,512
742,Customer 742,customer742@example.com,Germany,Premium,2/4/2012,66,Female,90
743,Customer 743,customer743@example.com,Germany,VIP,7/24/2010,22,Female,895
744,Customer 744,customer744@example.com,Japan,VIP,6/24/2020,74,Other,785
745,Customer 745,customer745@example.com,Germany,Regular,9/22/2014,54,Other,695
746,Customer 746,customer746@example.com,USA,Premium,7/13/2013,21,Female,738
747,Customer 747,customer747@example.com,India,Regular,12/2/2017,22,Other,64
748,Customer 748,customer748@example.com,Canada,Premium,3/14/2020,49,Male,789
749,Customer 749,customer749@example.com,China,VIP,4/19/2022,42,Other,5
750,Customer 750,customer750@example.com,Japan,Premium,5/29/2016,25,Female,836
751,Customer 751,customer751@example.com,Brazil,Premium,10/12/2014,66,Other,848
752,Customer 752,customer752@example.com,Germany,Regular,12/3/2023,-1,Other,744
753,Customer 753,customer753@example.com,Unknown,Premium,2/7/2016,74,Male,665
754,Customer 754,customer754@example.com,Germany,Regular,2/13/2012,70,Other,271
755,Customer 755,customer755@example.com,Canada,VIP,2/3/2018,31,Male,998
756,Customer 756,customer756@example.com,China,Regular,12/11/2022,68,Other,279
757,Customer 757,customer757@example.com,France,VIP,8/6/2018,28,Male,799
758,Customer 758,customer758@example.com,Brazil,VIP,7/15/2021,71,Other,408
759,Customer 759,customer759@example.com,Germany,Premium,12/10/2017,40,Other,853
760,Customer 760,,Australia,VIP,2/17/2016,21,Female,174
761,Customer 761,customer761@example.com,Japan,VIP,7/6/2018,47,Other,986
762,Customer 762,customer762@example.com,France,Premium,6/17/2021,67,Male,155
763,Customer 763,customer763@example.com,Japan,VIP,7/18/2015,58,Other,570
764,Customer 764,customer764@example.com,UK,Regular,8/26/2016,21,Other,753
765,Customer 765,,UK,VIP,9/24/2019,20,Female,329
766,Customer 766,customer766@example.com,USA,Regular,8/7/2012,28,Other,90
767,Customer 767,customer767@example.com,China,VIP,2/1/2012,47,Male,204
768,Customer 768,customer768@example.com,France,Premium,4/3/2023,69,Female,912
769,Customer 769,customer769@example.com,China,Regular,10/11/2012,34,Male,100
770,Customer 770,customer770@example.com,Japan,VIP,10/20/2020,21,Male,641
771,Customer 771,customer771@example.com,India,Regular,12/24/2023,62,Male,657
772,Customer 772,customer772@example.com,Japan,VIP,11/18/2023,53,Other,767
773,Customer 773,customer773@example.com,Germany,Regular,10/9/2012,47,Male,728
774,Customer 774,customer774@example.com,Brazil,Premium,4/8/2016,61,Other,175
775,Customer 775,customer775@example.com,Canada,Regular,11/24/2022,54,Female,724
776,Customer 776,customer776@example.com,Unknown,Regular,8/12/2020,21,Other,418
777,Customer 777,customer777@example.com,UK,Premium,7/24/2022,39,Male,158
778,Customer 778,customer778@example.com,USA,Premium,9/11/2019,-1,Female,358
779,Customer 779,customer779@example.com,USA,Regular,9/24/2018,40,Female,537
780,Customer 780,customer780@example.com,Germany,Premium,5/28/2021,77,Male,986
781,Customer 781,customer781@example.com,Brazil,Regular,11/6/2015,65,Male,211
782,Customer 782,,Brazil,Premium,7/23/2016,69,Other,48
783,Customer 783,customer783@example.com,China,VIP,4/5/2017,60,Other,891
784,Customer 784,customer784@example.com,Germany,Regular,11/5/2016,26,Other,763
785,Customer 785,customer785@example.com,USA,Regular,9/11/2018,49,Other,526
786,Customer 786,customer786@example.com,Canada,Premium,7/12/2016,40,Male,663
787,Customer 787,customer787@example.com,Australia,Premium,10/9/2011,36,Other,800
788,Customer 788,customer788@example.com,Brazil,Premium,4/26/2014,21,Female,729
789,Customer 789,customer789@example.com,India,Premium,4/18/2022,70,Other,602
790,Customer 790,customer790@example.com,Japan,VIP,1/15/2020,38,Female,746
791,Customer 791,customer791@example.com,India,Regular,7/24/2020,45,Female,902
792,Customer 792,customer792@example.com,UK,Premium,6/30/2019,52,Other,146
793,Customer 793,customer793@example.com,Canada,Premium,11/22/2014,62,Male,925
794,Customer 794,customer794@example.com,Canada,Regular,8/28/2011,59,Other,328
795,Customer 795,customer795@example.com,Japan,VIP,2/7/2018,72,Male,942
796,Customer 796,customer796@example.com,France,VIP,9/23/2021,51,Other,499
797,Customer 797,customer797@example.com,Canada,VIP,6/23/2010,50,Male,687
798,Customer 798,customer798@example.com,Australia,Regular,5/20/2016,43,Other,221
799,Customer 799,customer799@example.com,Japan,VIP,3/28/2011,68,Female,28
800,Customer 800,,Germany,VIP,2/23/2022,68,Male,328
801,Customer 801,customer801@example.com,France,VIP,9/14/2012,72,Male,666
802,Customer 802,customer802@example.com,France,Regular,7/9/2013,44,Other,435
803,Customer 803,customer803@example.com,Germany,VIP,12/10/2023,59,Male,3
804,Customer 804,customer804@example.com,UK,Regular,5/13/2018,70,Male,479
805,Customer 805,customer805@example.com,Germany,Regular,1/12/2015,39,Female,179
806,Customer 806,customer806@example.com,Germany,VIP,2/11/2022,64,Female,647
807,Customer 807,customer807@example.com,India,Regular,10/29/2016,77,Male,425
808,Customer 808,customer808@example.com,Brazil,Regular,6/1/2012,27,Other,762
809,Customer 809,customer809@example.com,USA,Premium,11/6/2010,28,Female,105
810,Customer 810,customer810@example.com,Australia,Premium,5/12/2011,68,Other,232
811,Customer 811,customer811@example.com,USA,Premium,10/21/2017,45,Male,987
812,Customer 812,customer812@example.com,Australia,Premium,2/28/2015,33,Male,488
813,Customer 813,customer813@example.com,Australia,Premium,3/3/2012,28,Other,104
814,Customer 814,customer814@example.com,Germany,VIP,5/30/2011,18,Male,144
815,Customer 815,customer815@example.com,India,Regular,12/6/2012,67,Female,892
816,Customer 816,customer816@example.com,Japan,Regular,6/7/2020,62,Female,466
817,Customer 817,,Brazil,VIP,8/6/2011,35,Female,26
818,Customer 818,customer818@example.com,France,VIP,1/19/2019,23,Male,576
819,Customer 819,customer819@example.com,France,Regular,5/2/2018,40,Male,506
820,Customer 820,customer820@example.com,France,Premium,5/18/2016,69,Other,670
821,Customer 821,customer821@example.com,Australia,Premium,2/9/2019,74,Other,998
822,Customer 822,customer822@example.com,Australia,Regular,3/1/2014,35,Female,920
823,Customer 823,customer823@example.com,Japan,VIP,5/3/2010,71,Female,375
824,Customer 824,customer824@example.com,Canada,Premium,8/12/2023,61,Other,37
825,Customer 825,customer825@example.com,India,Regular,7/5/2020,29,Male,268
826,Customer 826,customer826@example.com,France,VIP,7/12/2012,63,Female,942
827,Customer 827,customer827@example.com,India,Regular,7/16/2022,65,Female,565
828,Customer 828,customer828@example.com,France,Premium,10/9/2023,36,Other,577
829,Customer 829,customer829@example.com,Brazil,Regular,11/25/2017,48,Male,889
830,Customer 830,customer830@example.com,USA,Premium,11/23/2019,67,Male,46
831,Customer 831,customer831@example.com,Japan,VIP,9/27/2014,29,Other,403
832,Customer 832,customer832@example.com,UK,Regular,11/23/2017,42,Other,335
833,Customer 833,customer833@example.com,China,Premium,10/1/2020,49,Other,629
834,Customer 834,customer834@example.com,India,Premium,9/25/2017,27,Male,899
835,Customer 835,,Canada,VIP,1/27/2017,30,Other,128
836,Customer 836,customer836@example.com,France,Premium,5/29/2014,32,Male,989
837,Customer 837,customer837@example.com,Brazil,Premium,9/7/2019,68,Other,670
838,Customer 838,customer838@example.com,USA,Regular,5/24/2021,71,Male,599
839,Customer 839,customer839@example.com,UK,Regular,6/6/2016,25,Other,489
840,Customer 840,customer840@example.com,France,Premium,10/25/2012,53,Other,20
841,Customer 841,customer841@example.com,UK,Regular,2/16/2017,22,Male,866
842,Customer 842,customer842@example.com,China,Regular,11/13/2018,57,Female,284
843,Customer 843,customer843@example.com,Germany,Premium,3/28/2015,27,Male,488
844,Customer 844,customer844@example.com,UK,Premium,8/28/2022,61,Female,116
845,Customer 845,customer845@example.com,UK,Premium,9/15/2019,21,Other,357
846,Customer 846,customer846@example.com,Brazil,VIP,11/23/2016,19,Female,178
847,Customer 847,customer847@example.com,Brazil,Regular,3/11/2018,54,Female,378
848,Customer 848,customer848@example.com,Australia,VIP,6/3/2020,32,Male,882
849,Customer 849,customer849@example.com,Canada,Regular,1/19/2016,48,Female,64
850,Customer 850,customer850@example.com,Canada,Regular,3/11/2023,42,Other,588
851,Customer 851,customer851@example.com,Brazil,VIP,8/22/2019,78,Male,31
852,Customer 852,customer852@example.com,USA,Premium,11/17/2012,48,Male,358
853,Customer 853,customer853@example.com,India,Premium,5/7/2022,53,Other,166
854,Customer 854,customer854@example.com,Canada,Premium,7/26/2023,19,Other,418
855,Customer 855,customer855@example.com,China,Regular,4/17/2015,20,Other,856
856,Customer 856,customer856@example.com,India,Regular,4/4/2018,66,Male,186
857,Customer 857,customer857@example.com,UK,VIP,11/6/2023,79,Male,697
858,Customer 858,customer858@example.com,India,Regular,3/8/2017,50,Male,301
859,Customer 859,customer859@example.com,India,Premium,5/31/2021,61,Male,677
860,Customer 860,customer860@example.com,Brazil,VIP,5/10/2014,18,Female,565
861,Customer 861,customer861@example.com,Canada,Premium,9/1/2010,68,Male,183
862,Customer 862,customer862@example.com,China,Premium,9/8/2015,45,Female,53
863,Customer 863,customer863@example.com,France,Regular,3/7/2012,29,Female,114
864,Customer 864,customer864@example.com,Japan,Premium,8/14/2012,40,Male,757
865,Customer 865,customer865@example.com,Canada,VIP,11/8/2011,42,Female,321
866,Customer 866,customer866@example.com,India,VIP,8/16/2011,37,Male,458
867,Customer 867,customer867@example.com,India,Premium,1/13/2013,42,Male,325
868,Customer 868,customer868@example.com,France,Premium,12/19/2011,63,Female,470
869,Customer 869,customer869@example.com,Brazil,Regular,12/10/2010,69,Other,395
870,Customer 870,customer870@example.com,Australia,Regular,2/12/2011,48,Female,689
871,Customer 871,customer871@example.com,France,VIP,8/24/2020,29,Other,255
872,Customer 872,customer872@example.com,France,VIP,12/14/2017,36,Male,985
873,Customer 873,customer873@example.com,Canada,VIP,4/22/2013,54,Female,747
874,Customer 874,customer874@example.com,Germany,Premium,9/22/2023,40,Male,539
875,Customer 875,customer875@example.com,UK,Regular,2/22/2021,56,Female,952
876,Customer 876,customer876@example.com,Australia,Premium,4/24/2012,21,Male,761
877,Customer 877,customer877@example.com,Australia,Regular,7/16/2016,19,Other,816
878,Customer 878,customer878@example.com,Canada,Premium,8/20/2016,22,Male,387
879,Customer 879,,Germany,VIP,7/9/2021,48,Other,667
880,Customer 880,customer880@example.com,India,VIP,6/2/2022,66,Other,228
881,Customer 881,customer881@example.com,Brazil,Regular,12/10/2014,53,Male,803
882,Customer 882,customer882@example.com,France,Regular,10/29/2010,44,Female,44
883,Customer 883,customer883@example.com,China,Regular,11/12/2023,29,Other,885
884,Customer 884,customer884@example.com,USA,VIP,2/18/2018,34,Male,261
885,Customer 885,customer885@example.com,USA,Premium,10/16/2023,61,Other,269
886,Customer 886,customer886@example.com,Australia,Regular,1/21/2014,52,Other,894
887,Customer 887,customer887@example.com,France,VIP,11/15/2020,-1,Female,245
888,Customer 888,customer888@example.com,Canada,VIP,8/27/2015,60,Female,359
889,Customer 889,customer889@example.com,India,Regular,2/21/2016,62,Female,235
890,Customer 890,customer890@example.com,China,Premium,9/24/2010,53,Male,820
891,Customer 891,customer891@example.com,Australia,Regular,11/25/2013,73,Female,467
892,Customer 892,customer892@example.com,Japan,Premium,12/20/2013,66,Female,930
893,Customer 893,customer893@example.com,UK,Regular,1/22/2023,57,Male,637
894,Customer 894,,Australia,Premium,7/13/2015,59,Other,909
895,Customer 895,customer895@example.com,Canada,Regular,10/22/2021,24,Male,153
896,Customer 896,customer896@example.com,UK,VIP,4/10/2023,30,Female,25
897,Customer 897,customer897@example.com,Canada,Premium,8/21/2021,59,Other,599
898,Customer 898,,Germany,Regular,8/13/2014,24,Other,188
899,Customer 899,customer899@example.com,Brazil,Premium,4/8/2014,40,Other,33
900,Customer 900,customer900@example.com,UK,Premium,1/1/2019,71,Male,236
901,Customer 901,customer901@example.com,UK,VIP,7/25/2021,39,Male,57
902,Customer 902,customer902@example.com,UK,Premium,12/15/2018,64,Other,495
903,Customer 903,customer903@example.com,Germany,Regular,1/28/2015,79,Male,369
904,Customer 904,customer904@example.com,France,VIP,4/13/2016,20,Other,841
905,Customer 905,customer905@example.com,China,Premium,1/18/2022,58,Female,420
906,Customer 906,customer906@example.com,USA,Regular,11/27/2020,25,Other,539
907,Customer 907,customer907@example.com,Japan,Premium,4/21/2019,45,Other,626
908,Customer 908,customer908@example.com,Germany,Regular,8/27/2013,38,Other,208
909,Customer 909,customer909@example.com,Germany,Premium,1/16/2021,18,Female,49
910,Customer 910,customer910@example.com,India,Premium,5/10/2014,54,Female,706
911,Customer 911,customer911@example.com,Australia,Regular,3/4/2016,-1,Female,807
912,Customer 912,customer912@example.com,Unknown,VIP,8/24/2017,76,Other,109
913,Customer 913,customer913@example.com,Japan,Regular,7/22/2011,50,Other,935
914,Customer 914,customer914@example.com,Canada,Premium,6/23/2016,51,Male,3
915,Customer 915,customer915@example.com,Germany,Regular,7/7/2015,45,Female,98
916,Customer 916,customer916@example.com,India,VIP,2/13/2014,75,Male,400
917,Customer 917,customer917@example.com,China,Premium,5/1/2022,37,Other,676
918,Customer 918,customer918@example.com,India,Premium,6/9/2021,32,Male,766
919,Customer 919,customer919@example.com,UK,Premium,11/13/2020,32,Female,221
920,Customer 920,customer920@example.com,Brazil,Premium,5/1/2013,43,Male,964
921,Customer 921,customer921@example.com,Canada,Premium,8/18/2019,52,Male,831
922,Customer 922,,India,Regular,6/22/2010,34,Male,524
923,Customer 923,customer923@example.com,Canada,Premium,5/10/2011,67,Male,65
924,Customer 924,customer924@example.com,USA,Premium,6/21/2020,21,Female,350
925,Customer 925,customer925@example.com,Canada,Premium,9/12/2013,20,Male,7
926,Customer 926,customer926@example.com,Japan,VIP,3/22/2013,75,Other,456
927,Customer 927,customer927@example.com,Australia,Regular,3/20/2010,56,Other,291
928,Customer 928,customer928@example.com,Japan,VIP,4/10/2011,47,Male,837
929,Customer 929,customer929@example.com,Japan,VIP,7/20/2012,77,Other,45
930,Customer 930,customer930@example.com,France,VIP,1/21/2013,52,Female,207
931,Customer 931,customer931@example.com,India,VIP,7/19/2011,58,Male,825
932,Customer 932,customer932@example.com,France,Regular,6/8/2019,55,Other,770
933,Customer 933,customer933@example.com,Unknown,Premium,3/30/2019,70,Female,488
934,Customer 934,customer934@example.com,China,Regular,9/29/2022,67,Female,562
935,Customer 935,customer935@example.com,UK,Regular,1/7/2010,31,Other,124
936,Customer 936,,Japan,Premium,6/10/2023,28,Female,251
937,Customer 937,customer937@example.com,USA,VIP,12/20/2017,49,Female,691
938,Customer 938,customer938@example.com,China,VIP,2/21/2017,47,Other,359
939,Customer 939,customer939@example.com,France,Regular,3/30/2017,53,Male,997
940,Customer 940,customer940@example.com,UK,Regular,4/19/2015,52,Female,934
941,Customer 941,customer941@example.com,USA,Regular,7/29/2020,51,Male,704
942,Customer 942,,Japan,Premium,2/10/2021,55,Other,937
943,Customer 943,customer943@example.com,USA,VIP,4/10/2022,58,Female,573
944,Customer 944,customer944@example.com,UK,Regular,7/7/2022,20,Male,929
945,Customer 945,customer945@example.com,Germany,VIP,10/25/2022,55,Female,272
946,Customer 946,customer946@example.com,Germany,Premium,12/28/2017,33,Female,852
947,Customer 947,customer947@example.com,India,Regular,9/1/2021,-1,Other,641
948,Customer 948,customer948@example.com,Brazil,Premium,8/7/2014,74,Other,883
949,Customer 949,customer949@example.com,Unknown,VIP,8/31/2018,39,Female,465
950,Customer 950,customer950@example.com,France,Premium,5/13/2022,26,Female,204
951,Customer 951,customer951@example.com,China,Regular,6/14/2018,-1,Male,121
952,Customer 952,customer952@example.com,Australia,Premium,2/24/2019,47,Female,162
953,Customer 953,customer953@example.com,China,Regular,12/25/2021,46,Other,300
954,Customer 954,customer954@example.com,USA,Regular,7/6/2012,66,Male,580
955,Customer 955,customer955@example.com,Unknown,Regular,8/15/2017,72,Other,19
956,Customer 956,customer956@example.com,Germany,VIP,4/15/2020,32,Male,59
957,Customer 957,customer957@example.com,India,Premium,9/19/2013,26,Female,927
958,Customer 958,customer958@example.com,Brazil,VIP,7/2/2019,65,Male,761
959,Customer 959,customer959@example.com,USA,Regular,12/27/2011,66,Female,130
960,Customer 960,customer960@example.com,Australia,Regular,3/3/2022,69,Male,773
961,Customer 961,customer961@example.com,Brazil,Premium,7/12/2017,49,Other,672
962,Customer 962,customer962@example.com,Brazil,VIP,7/2/2013,47,Female,341
963,Customer 963,,Brazil,Regular,11/6/2016,43,Male,809
964,Customer 964,customer964@example.com,Germany,VIP,12/15/2013,64,Other,172
965,Customer 965,customer965@example.com,Brazil,VIP,7/29/2013,36,Other,225
966,Customer 966,customer966@example.com,UK,Premium,2/9/2015,23,Female,988
967,Customer 967,customer967@example.com,Brazil,Regular,11/16/2015,37,Female,276
968,Customer 968,customer968@example.com,Japan,Premium,5/27/2011,38,Male,262
969,Customer 969,customer969@example.com,UK,Premium,12/17/2013,41,Male,804
970,Customer 970,customer970@example.com,Japan,Regular,6/24/2014,28,Other,963
971,Customer 971,customer971@example.com,Japan,VIP,4/11/2015,62,Female,584
972,Customer 972,customer972@example.com,Japan,Premium,6/8/2021,21,Male,588
973,Customer 973,customer973@example.com,Germany,Premium,7/20/2020,19,Female,555
974,Customer 974,customer974@example.com,Germany,Regular,9/4/2016,25,Other,477
975,Customer 975,customer975@example.com,Australia,Regular,1/14/2011,36,Other,992
976,Customer 976,customer976@example.com,Japan,Regular,8/2/2023,62,Other,238
977,Customer 977,customer977@example.com,France,Regular,10/23/2019,73,Other,150
978,Customer 978,,Unknown,Regular,4/6/2010,27,Male,763
979,Customer 979,customer979@example.com,Australia,Regular,4/13/2015,45,Male,795
980,Customer 980,customer980@example.com,India,Regular,11/15/2018,68,Male,991
981,Customer 981,customer981@example.com,Australia,Regular,6/1/2021,60,Other,353
982,Customer 982,customer982@example.com,France,Premium,2/1/2014,69,Male,654
983,Customer 983,customer983@example.com,China,Premium,12/14/2011,28,Male,645
984,Customer 984,customer984@example.com,Germany,Premium,4/5/2022,66,Male,344
985,Customer 985,customer985@example.com,Brazil,Regular,5/1/2012,59,Other,218
986,Customer 986,customer986@example.com,UK,VIP,11/16/2015,48,Other,897
987,Customer 987,customer987@example.com,Australia,Premium,5/15/2022,40,Other,914
988,Customer 988,customer988@example.com,UK,Premium,4/20/2015,76,Female,764
989,Customer 989,,Canada,Premium,11/25/2020,50,Male,879
990,Customer 990,customer990@example.com,Japan,Regular,9/1/2020,62,Female,630
991,Customer 991,customer991@example.com,Canada,VIP,4/23/2016,37,Other,187
992,Customer 992,customer992@example.com,Japan,VIP,3/15/2021,77,Other,211
993,Customer 993,customer993@example.com,Germany,VIP,7/20/2018,38,Other,255
994,Customer 994,customer994@example.com,Germany,VIP,12/26/2020,43,Other,172
995,Customer 995,customer995@example.com,Japan,VIP,7/6/2021,58,Other,294
996,Customer 996,customer996@example.com,Germany,Regular,3/14/2018,68,Male,351
997,Customer 997,,China,Regular,9/26/2021,53,Female,34
998,Customer 998,customer998@example.com,Brazil,Regular,4/12/2022,52,Female,205
999,Customer 999,customer999@example.com,Brazil,Regular,5/22/2011,63,Male,908
1000,Customer 1000,customer1000@example.com,India,Premium,2/16/2010,32,Female,261
